"Connection ID","Connection Title","Tile 1","Tile 2","Tile 3","Tile 4","Connection Type","Explanation","Organ System","Discipline","Difficulty","Accepted Alternate Category Names","Source","Source Section","Ambiguity Score","Verification Status","Notes"
"PHARM-001","Hepatic phase II conjugation reactions","Glucuronidation","Acetylation","Sulfation","Methylation","Metabolic pathway","All four are phase II conjugation reactions that attach an endogenous polar group (glucuronic acid, acetyl, sulfate, or methyl) to a substrate; conjugation increases polarity but does not invariably inactivate the drug.","Multisystem","Pharmacology","Easy","Phase II metabolism; Drug conjugation reactions","Bootcamp.com Pharmacology.pdf","Pharmacokinetics > Drug Elimination, p. 14","0","AI_REVIEWED_PASS","Verified canonical phase II conjugations (Okunlola & Aleku, Angew Chem Int Ed 2026; Truong et al., J Med Food 2021; Moyer & Reid, Yamada's Textbook of Gastroenterology 7e 2022). Glutathione and amino-acid conjugation are other valid members; a 5th-member board tile could blur this category."
"PHARM-002","Classic CYP (cytochrome P450) enzyme inducers","Rifampin","Phenobarbital","Carbamazepine","Phenytoin","Drug interaction","Each induces hepatic CYP enzymes and can lower exposure to susceptible active-drug substrates; affected isoenzymes and magnitude differ by drug and substrate.","Multisystem","Pharmacology","Easy","Hepatic enzyme inducers; CYP inducers","Bootcamp.com Pharmacology.pdf","Pharmacokinetics > Cytochrome P450 Interactions, p. 16","1","AI_REVIEWED_PASS","All four verified as classic CYP inducers across CYP3A4/2C9/2C19 (Camilleri, Clin Gastroenterol Hepatol 2019, Table 2; Song et al., Clin Pharmacokinet 2021, Table 1). BOARD OVERLAP: carbamazepine, phenobarbital, phenytoin also fit an antiseizure-drug category; rifampin does not. Do not imply identical isoenzyme specificity."
"PHARM-003","CYP (cytochrome P450) enzyme inhibitors","Cimetidine","Amiodarone","Clarithromycin","Ritonavir","Drug interaction","Each inhibits one or more CYP enzymes and can raise exposure to susceptible substrates; the predominant enzyme differs among them.","Multisystem","Pharmacology","Medium","CYP inhibitors; Hepatic enzyme inhibitors","Bootcamp.com Pharmacology.pdf","Pharmacokinetics > Cytochrome P450 Interactions, p. 16","1","AI_REVIEWED_PASS","Verified: clarithromycin and ritonavir are potent CYP3A4 inhibitors (ritonavir also used as a PK booster); amiodarone inhibits CYP2C9/2D6; cimetidine is a weaker multi-CYP/2D6 inhibitor (Camilleri 2019 Table 2; Song et al. 2021 Table 1). Keep the one-or-more-enzymes wording given cimetidine is comparatively weak."
"PHARM-004","Gq-coupled receptors","M1 receptor","M3 receptor","Alpha-1 receptor","H1 receptor","Receptor signaling","Each couples preferentially to Gq/11, activating phospholipase C-beta to generate IP3 and DAG and raise intracellular calcium.","Nervous / Multisystem","Pharmacology","Easy","Gq receptors; PLC-linked receptors","Bootcamp.com Pharmacology.pdf","Autonomic System > Autonomic Secondary Messengers and Other Involuntary Signaling Systems, pp. 25, 27","0","AI_REVIEWED_PASS","Verified: M1/M3 (and M5) couple to Gq/11 (Nelic et al., Sci Rep 2024); alpha-1 to Gq (Insel, NEJM 1996); H1 is Gq-coupled (standard pharmacology). Coupling is preferential not exclusive. Other Gq members: AT1, V1, 5-HT2."
"PHARM-005","Gs-coupled receptors","Beta-1 receptor","Beta-2 receptor","D1 receptor","V2 receptor","Receptor signaling","Each couples preferentially to Gs, stimulating adenylyl cyclase and raising cAMP.","Cardiovascular / Renal / Nervous","Pharmacology","Medium","Gs receptors; cAMP-increasing receptors","Bootcamp.com Pharmacology.pdf","Autonomic System > Autonomic Secondary Messengers and Other Involuntary Signaling Systems, pp. 25, 27","0","AI_REVIEWED_PASS","Verified: beta-adrenergic receptors couple to Gs (Insel, NEJM 1996); D1/D5 to Gs-alpha (Sidhu, Mol Neurobiol 1998; Goldstein & Eisenhofer, Physiol Rev 2026); V2 is Gs-coupled (standard pharmacology). BOARD OVERLAP: beta-1/beta-2 also fit an adrenergic-receptor category. Other Gs members: H2, 5-HT4, D5."
"PHARM-006","Direct muscarinic receptor agonists","Pilocarpine","Cevimeline","Bethanechol","Methacholine","Shared mechanism","Each directly stimulates muscarinic acetylcholine receptors; target organs and uses differ (sicca/xerostomia, urinary or GI atony, bronchoprovocation testing).","Multisystem","Pharmacology","Easy","Muscarinic agonists; Direct cholinomimetics","Bootcamp.com Pharmacology.pdf","Autonomic System > Cholinomimetics - Direct Agonists, p. 28","0","AI_REVIEWED_PASS","Verified: pilocarpine and cevimeline are direct muscarinic M1/M3 agonists (Farag et al., Oral Dis 2019; Hosseini et al., Eur J Med Res 2024); bethanechol and methacholine are direct choline esters (Finkbeiner et al., Urology 1977). Carbachol is another valid member (board note)."
"PHARM-007","Acetylcholinesterase inhibitors with CNS penetration","Donepezil","Rivastigmine","Galantamine","Physostigmine","Shared mechanism and distribution","All four inhibit acetylcholinesterase and cross the blood-brain barrier; the first three are used in Alzheimer disease, whereas physostigmine (a tertiary amine) is used in antimuscarinic (anticholinergic) toxicity.","Nervous","Pharmacology","Medium","Centrally acting AChE inhibitors; BBB-penetrating AChE inhibitors","Bootcamp.com Pharmacology.pdf","Autonomic System > Cholinomimetics - Anticholinesterases, p. 29","1","AI_REVIEWED_PASS","Central activity of donepezil/rivastigmine/galantamine verified (Li et al., Cochrane 2015; Noetzli & Eap, Clin Pharmacokinet 2013; Mayeux & Sano, NEJM 1999). Physostigmine is a tertiary amine that crosses the BBB, unlike quaternary neostigmine/pyridostigmine (standard pharmacology). Do not label all four as Alzheimer treatments."
"PHARM-008","Peripheral muscarinic findings in organophosphate (cholinergic) poisoning","Miosis","Lacrimation","Bronchospasm","Diarrhea","Toxidrome findings","Excess acetylcholine at peripheral muscarinic receptors produces these findings; nicotinic effects (fasciculations, weakness) and central effects (seizures) are separate categories.","Multisystem","Pharmacology","Easy","Muscarinic cholinergic toxicity; Cholinergic toxidrome (muscarinic)","Bootcamp.com Pharmacology.pdf","Autonomic System > Anticholinesterase Poisoning, p. 30","1","AI_REVIEWED_PASS","Verified muscarinic toxidrome features (Roberts et al., Nat Rev Dis Primers 2026; Henretig et al., NEJM 2019; Lavonas et al., AHA 2023; Cao et al., AHA 2025). Direct muscarinic-agonist excess reproduces the same quartet, so a general muscarinic-toxicity label is accepted. BOARD OVERLAP: each sign individually appears in other toxidromes."
"PHARM-009","Peripheral findings of antimuscarinic (anticholinergic) toxicity","Mydriasis","Dry skin","Urinary retention","Tachycardia","Toxidrome findings","Muscarinic blockade produces dilated pupils, decreased sweating, impaired bladder emptying, and increased heart rate.","Multisystem","Pharmacology","Easy","Anticholinergic toxidrome; Antimuscarinic toxicity findings","Bootcamp.com Pharmacology.pdf","Autonomic System > Muscarinic Antagonists > Atropine Poisoning, p. 31","1","AI_REVIEWED_PASS","Verified antimuscarinic toxidrome (Roberts et al., Nat Rev Dis Primers 2026, Fig 6). Dry skin/anhidrosis distinguishes anticholinergic from sympathomimetic toxicity (diaphoresis). BOARD OVERLAP: mydriasis and tachycardia also occur in sympathomimetic toxicity."
"PHARM-010","Central alpha-2 adrenergic agonists","Clonidine","Guanfacine","Dexmedetomidine","Tizanidine","Shared mechanism","Each is a centrally acting alpha-2 agonist that reduces sympathetic outflow or alters central transmission; uses span hypertension, ADHD, sedation, and spasticity.","Nervous / Cardiovascular","Pharmacology","Medium","Central alpha-2 receptor agonists","Bootcamp.com Pharmacology.pdf","Autonomic System > Sympatholytics, p. 36","0","AI_REVIEWED_PASS","Verified: clonidine, guanfacine, dexmedetomidine are central alpha-2 agonists (Chen et al., Cochrane 2015; Duncan et al., Cochrane 2018; Lee et al., Clin Drug Investig 2025); tizanidine is a central alpha-2 agonist (FDA Zanaflex label; Coward, Neurology 1994, PMID 7970012). Methyldopa is another member. Do not imply shared indications."
"PHARM-011","Alpha-1 adrenergic antagonists","Prazosin","Terazosin","Doxazosin","Tamsulosin","Shared mechanism","Each blocks alpha-1 receptors; tamsulosin is relatively uroselective (alpha-1A), while the others have more prominent vascular effects.","Renal / Cardiovascular","Pharmacology","Easy","Alpha-1 blockers; -osin alpha blockers","Bootcamp.com Pharmacology.pdf","Autonomic System > Alpha Adrenergic Antagonists, p. 37","1","AI_REVIEWED_PASS","Verified alpha-1 antagonist class (standard pharmacology; FDA labels). Alfuzosin and silodosin are other members (board note). Avoid a shared BPH-treatment category because prazosin is not a standard contemporary BPH agent."
"PHARM-012","Beta-1-selective (cardioselective) antagonists","Metoprolol","Bisoprolol","Esmolol","Atenolol","Shared mechanism","Each preferentially antagonizes beta-1 receptors; selectivity is relative and decreases at higher doses.","Cardiovascular","Pharmacology","Easy","Cardioselective beta blockers; Beta-1 blockers","Bootcamp.com Pharmacology.pdf","Autonomic System > Beta Adrenergic Antagonists, p. 38","0","AI_REVIEWED_PASS","Verified second-generation cardioselective beta-blockers (Safi et al., Cochrane 2019/2021; Triposkiadis et al., JACC 2009). Cardioselectivity is dose-dependent. Acebutolol, betaxolol, nebivolol are other members. Do not imply chronic HFrEF survival benefit for esmolol or atenolol."
"PHARM-013","Nonselective beta blockers without alpha blockade","Nadolol","Propranolol","Timolol","Sotalol","Shared mechanism","Each antagonizes beta-1 and beta-2 without the alpha-1 blockade of carvedilol or labetalol; sotalol additionally blocks potassium channels (class III).","Cardiovascular","Pharmacology","Medium","Nonselective beta antagonists; Beta-1 and beta-2 blockers","Bootcamp.com Pharmacology.pdf","Autonomic System > Beta Adrenergic Antagonists, p. 38","1","AI_REVIEWED_PASS","Verified first-generation nonselective beta-blockers (Triposkiadis et al., JACC 2009; Safi et al., Cochrane 2019). BOARD OVERLAP: sotalol also fits class III antiarrhythmics; its added K-channel activity does not negate its beta-blockade. Pindolol and carteolol are other members."
"PHARM-014","PDE-5 (phosphodiesterase-5) inhibitors","Sildenafil","Vardenafil","Tadalafil","Avanafil","Shared mechanism","Each inhibits PDE-5, reducing cGMP breakdown and promoting smooth-muscle relaxation; clinical indications are not identical across the four.","Renal / Cardiovascular","Pharmacology","Easy","Phosphodiesterase-5 inhibitors; Nitrate-incompatible ED drugs","Bootcamp.com Pharmacology.pdf","Autonomic System > Phosphodiesterase Inhibitors, p. 39","1","AI_REVIEWED_PASS","Verified PDE-5 inhibitor class incl. avanafil (Elzupir & Almahmoud, PLoS One 2025; Samidurai et al., Annu Rev Pharmacol Toxicol 2023, PMID 36206989; Tzoumas et al., Br J Pharmacol 2020, PMID 31721165). Erectile-dysfunction and nitrate-incompatible labels name the SAME four drugs (accepted alternates); avoid duplicating this quartet on a board."
"PHARM-017","Sympathomimetics with beta-1-mediated positive inotropy","Dobutamine","Isoproterenol","Epinephrine","Norepinephrine","Shared receptor effect","Each activates cardiac beta-1 receptors and increases myocardial contractility, although vascular effects and reflex responses differ.","Cardiovascular","Pharmacology","Medium","Beta-1-active positive inotropes","Bootcamp.com Pharmacology.pdf","Autonomic System > Endogenous Adrenergic Agonists, Direct Sympathomimetics and Physiological Effects, pp. 32-35","1","AI_REVIEWED_PASS","Verified beta-1 inotropic activity for all four (Bjorklund et al., Pediatr Rev 2023, vasoactive spectrum). Norepinephrine can cause reflex bradycardia despite direct beta-1 inotropy; do not title this group as drugs that always raise heart rate."
"PHARM-019","Toxic exposures treated with chelation therapy","Lead","Mercury","Arsenic","Iron","Shared treatment strategy","Each toxicity is managed with a chelating agent; agent choice depends on the metal, chemical form, and acuity (dimercaprol/DMSA/EDTA for lead; DMSA/DMPS for mercury and arsenic; deferoxamine/deferasirox for iron).","Multisystem","Pharmacology","Medium","Toxic exposures treated with chelators","Bootcamp.com Pharmacology.pdf","Side Effects and Toxins > Environmental Toxins and their Treatments, p. 46","1","AI_REVIEWED_PASS","Verified chelation-treatment relationship (Bjorklund et al., Arch Toxicol 2017, PMID 29063135; Balali-Mood et al., Heliyon 2025, PMID 40040983; Vellingiri et al., J Neurol 2022). This is a treatment category, not a strict heavy-metal chemical class (iron is treated with deferoxamine, not dimercaprol). Copper (penicillamine) is another valid member; set is not exhaustive."
