Connection ID,Connection Title,Tile 1,Tile 2,Tile 3,Tile 4,Connection Type,Explanation,Organ System,Discipline,Difficulty,Accepted Alternate Category Names,Source,Source Section,Ambiguity Score,Verification Status,Notes
PLX-BCH-001,Thiamine-dependent enzymes,Pyruvate dehydrogenase,Alpha-ketoglutarate dehydrogenase,Transketolase,Branched-chain ketoacid dehydrogenase,Shared cofactor,"Each enzyme or enzyme complex requires thiamine pyrophosphate (TPP). These connect thiamine deficiency to carbohydrate metabolism, the pentose phosphate pathway, and branched-chain amino acid breakdown.",Multisystem,Biochemistry,Easy,B1-dependent enzymes; TPP-requiring enzymes,Bootcamp.com Biochemistry Jan 2025(1).pdf,"Vitamins > Vitamin B1, PDF p. 133",0,AI_REVIEWED_PASS,"TPP is the shared cofactor. PDH and BCKDH are multienzyme complexes requiring five cofactors (TPP, lipoate, FAD, NAD+, CoA); transketolase requires only TPP. Board overlap: keep separate from PLX-BCH-032 (B-vitamin cofactor precursors)."
PLX-BCH-002,Vitamin K-dependent clotting factors,Factor II,Factor VII,Factor IX,Factor X,Shared post-translational modification,All four coagulation factors require vitamin K-dependent gamma-carboxylation for calcium binding and effective coagulation.,Hematology,Biochemistry / Physiology,Easy,Vitamin K-dependent coagulation factors; Gamma-carboxylated clotting factors,Bootcamp.com Biochemistry Jan 2025(1).pdf,"Vitamins > Vitamin K, PDF p. 130",0,AI_REVIEWED_PASS,"Proteins C and S also undergo vitamin K-dependent carboxylation but are anticoagulants, not clotting factors; key the answer to vitamin K, not merely clotting factors."
PLX-BCH-003,Amino acids lost in cystinuria,Cystine,Ornithine,Lysine,Arginine,Shared transport defect,"The renal (and intestinal) dibasic amino acid transporter defect in cystinuria impairs reabsorption of cystine, ornithine, lysine, and arginine (COLA). Cystine accumulation in urine produces characteristic stones.",Renal,Biochemistry / Genetics,Easy,COLA amino acids; Amino acids with impaired reabsorption in cystinuria,Bootcamp.com Biochemistry Jan 2025(1).pdf,"Protein Metabolism > Cystinuria and Organic Acidemias, PDF p. 109",0,AI_REVIEWED_PASS,"Cystine is the disulfide dimer of cysteine; keep distinct from cysteine. Do not label as dibasic amino acids only, since cystine is a disulfide-linked dimer. Board overlap with PLX-BCH-052 (cystinuria diagnostics) - do not co-place."
PLX-BCH-004,Four metabolic fates of pyruvate,Acetyl-CoA,Oxaloacetate,Lactate,Alanine,Shared precursor,"Pyruvate can be converted to these products by pyruvate dehydrogenase, pyruvate carboxylase, lactate dehydrogenase, and alanine aminotransferase, respectively.",Multisystem,Biochemistry,Easy,Products formed from pyruvate; Pyruvate conversion products,Bootcamp.com Biochemistry Jan 2025(1).pdf,"Energy Production > Pyruvate Dehydrogenase Complex, PDF p. 36",0,AI_REVIEWED_PASS,Acetyl-CoA formation via PDH is irreversible; do not accept reversible pyruvate conversions as an alternate name.
PLX-BCH-005,Gluconeogenesis bypass enzymes,Pyruvate carboxylase,PEP carboxykinase,"Fructose-1,6-bisphosphatase",Glucose-6-phosphatase,Shared pathway role,These enzymes provide the bypass reactions around the irreversible glycolytic steps. Pyruvate carboxylase and PEP carboxykinase together bypass pyruvate kinase.,Hepatic / Renal,Biochemistry,Medium,Enzymes bypassing irreversible glycolysis; Gluconeogenic bypass enzymes,Bootcamp.com Biochemistry Jan 2025(1).pdf,"Carbohydrates > Gluconeogenesis, PDF p. 43",0,AI_REVIEWED_PASS,"Specify fructose-1,6-bisphosphatase, not the regulatory fructose-2,6-bisphosphatase."
PLX-BCH-006,Sites vulnerable to sorbitol accumulation,Lens,Retina,Kidneys,Schwann cells,Shared metabolic vulnerability,"These sites have low or absent sorbitol dehydrogenase. During hyperglycemia, trapped sorbitol contributes to osmotic injury.",Ophthalmic / Renal / Nervous,Biochemistry / Pathology,Medium,Sites of diabetic polyol-pathway injury; Sites with limited sorbitol dehydrogenase,Bootcamp.com Biochemistry Jan 2025(1).pdf,"Carbohydrates > Sorbitol and the Polyol Pathway, PDF p. 46",1,AI_REVIEWED_PASS,Mixed organ-level (kidney) and cell-level (Schwann cell) labels follow the source. Sorbitol is one contributor to - not the sole cause of - diabetic complications. Competing category: targets of diabetic microvascular/neuropathic complications.
PLX-BCH-007,Fibrillar collagen types,Type I collagen,Type II collagen,Type III collagen,Type V collagen,Shared structural class,"These four are the fibril-forming collagens providing mechanical strength, in contrast to network-forming type IV and anchoring type VII.",Musculoskeletal / Connective tissue,Biochemistry / Histology,Medium,Fibril-forming collagens; Mechanical-strength fibrillar collagens,Bootcamp.com Biochemistry Jan 2025(1).pdf,"Connective Tissue > Introduction to Collagen, PDF p. 24",0,AI_REVIEWED_PASS,"Do not accept all collagen types, which omits the fibrillar distinction."
PLX-BCH-008,Fat-soluble vitamins,Vitamin A,Vitamin D,Vitamin E,Vitamin K,Shared absorption property,These four vitamins depend on intact intestinal lipid absorption for dietary uptake and can be deficient in fat malabsorption.,Gastrointestinal,Biochemistry / Nutrition,Easy,ADEK; Vitamins absorbed with dietary fat,Bootcamp.com Biochemistry Jan 2025(1).pdf,"Vitamins > Introduction to Vitamins, PDF p. 127; Lipid Metabolism > Lipid Digestion and Absorption, PDF p. 83",0,AI_REVIEWED_PASS,Dietary absorption dependence does not exclude endogenous vitamin D synthesis or bacterial vitamin K production.
PLX-BCH-009,Agents using retrograde axonal transport,Tetanus toxin,Herpes simplex virus,Poliovirus,Rabies virus,Shared spread mechanism,"These agents reach the CNS via dynein-mediated retrograde transport along axonal microtubules. For tetanus the transported agent is the toxin, not the intact bacterium.",Nervous,Microbiology / Cell Biology,Medium,Dynein-associated neural transport; Agents traveling retrogradely in axons,Bootcamp.com Biochemistry Jan 2025(1).pdf,"Cell Biology > Cytoskeleton, PDF p. 8",1,AI_REVIEWED_REVISED,"REVISED: Tile 1 Clostridium tetani replaced with Tetanus toxin and title changed from Pathogens to Agents - the toxin, not the intact bacterium, undergoes retrograde axonal transport (Yen and Thwaites, Lancet 2019). Poliovirus and rabies travel via motor neurons; HSV via sensory neurons (Ludlow et al., Acta Neuropathol 2016). Original source names the organism."
PLX-BCH-010,Drugs that disrupt microtubule function,Mebendazole,Griseofulvin,Colchicine,Vincristine,Shared cellular target,"These medications disrupt microtubule function, affecting intracellular transport or mitosis.",Multisystem,Pharmacology / Cell Biology,Medium,Microtubule-targeting drugs; Tubulin-directed medications,Bootcamp.com Biochemistry Jan 2025(1).pdf,"Cell Biology > Cytoskeleton, PDF p. 8",1,AI_REVIEWED_PASS,Mechanisms and clinical uses differ; do not claim all four stabilize microtubules or are chemotherapeutics. Competing category: mitotic-spindle inhibitors.
PLX-BCH-011,Enzymes requiring copper,Cytochrome c oxidase,Tyrosinase,Lysyl oxidase,Cu/Zn superoxide dismutase (SOD1),Shared metal requirement,"Copper is a required cofactor for each, linking it to oxidative phosphorylation, pigment formation, connective-tissue cross-linking, and cytosolic antioxidant defense.",Multisystem,Biochemistry,Medium,Copper-dependent enzymes; Copper-containing enzymes,Bootcamp.com Biochemistry Jan 2025(1).pdf,"Vitamins > Trace Elements, PDF p. 140; Connective Tissue > Menkes Disease, PDF p. 28",1,AI_REVIEWED_REVISED,"REVISED: Tile 4 narrowed from Superoxide dismutase to Cu/Zn superoxide dismutase (SOD1) - copper is the catalytic metal of SOD1/SOD3, whereas mitochondrial SOD2 is Mn-dependent (Lutsenko et al., Physiol Rev 2025). Board warning: do not co-place a Mn-SOD tile."
PLX-BCH-012,Enzymes that use NADPH,Glutathione reductase,HMG-CoA reductase,Fatty acid synthase,NADPH oxidase,Shared electron donor,"These enzymes use NADPH as reducing power in glutathione regeneration, cholesterol synthesis, fatty acid synthesis, and the phagocyte oxidative burst, respectively.",Multisystem / Immune,Biochemistry,Medium,NADPH-consuming enzymes; Enzymes using NADPH reducing power,Bootcamp.com Biochemistry Jan 2025(1).pdf,"Oxidative Stress > Pentose Phosphate Pathway and Respiratory Burst, PDF pp. 59-60",1,AI_REVIEWED_PASS,NADPH oxidase generates ROS rather than detoxifying them; antioxidant enzymes fails as an alternate. Avoid additional interchangeable NADPH-user tiles on one board.
PLX-BCH-013,Causes of elevated homocysteine,Folate deficiency,Vitamin B12 deficiency,Cystathionine beta-synthase deficiency,MTHFR deficiency,Shared laboratory abnormality,Folate or B12 deficiency and MTHFR deficiency impair homocysteine remethylation; CBS deficiency impairs transsulfuration. Each can raise homocysteine.,Multisystem / Cardiovascular,Biochemistry / Genetics,Medium,Hyperhomocysteinemia causes; Impaired homocysteine clearance,Bootcamp.com Biochemistry Jan 2025(1).pdf,"One-Carbon Metabolism > Homocysteine Metabolism and Homocystinuria, PDF pp. 54-55",1,AI_REVIEWED_PASS,MMA and methionine distinguish the defects (B12 raises MMA; CBS raises methionine). Avoid additional homocysteine-elevating tiles on the same board.
PLX-BCH-014,Inherited defects that impair urea-cycle ammonia disposal,OTC deficiency,CPS I deficiency,Arginase deficiency,NAGS deficiency,Shared pathway defect,Each inherited defect impairs ammonia disposal through the urea-cycle system. NAGS deficiency acts by reduced activation of CPS I rather than loss of a cycle enzyme.,Hepatic / Nervous,Biochemistry / Genetics,Medium,Inherited urea-cycle disorders; Genetic defects of urea-cycle ammonia detoxification,Bootcamp.com Biochemistry Jan 2025(1).pdf,"Protein Metabolism > Disorders of the Urea Cycle, PDF p. 114",1,AI_REVIEWED_PASS,"Ambiguity re-scored 2->1: all four are recognized urea cycle disorders causing hyperammonemia (Ah Mew and Lichter-Konecki, Paediatr Drugs 2025). Retain qualifiers - NAGS activates CPS1 (regulatory, not a core cycle enzyme); arginase deficiency gives a progressive spastic course with less prominent neonatal hyperammonemia. Inheritance differs (OTC X-linked; others autosomal recessive). Do not describe a uniform severe neonatal presentation."
PLX-BCH-015,Glycogen storage diseases with hepatic involvement,Von Gierke disease,Cori disease,Andersen disease,Hers disease,Shared tissue involvement within a disease family,"GSD types I, III, IV, and VI are the hepatic-involvement group. Their defects involve glucose release, debranching, branching, and hepatic glycogen phosphorylase, respectively.",Hepatic,Biochemistry / Genetics,Medium,"Hepatic glycogen storage disorders; GSD types I, III, IV, and VI",Bootcamp.com Biochemistry Jan 2025(1).pdf,"Glycogen > Overview of Glycogen Storage Diseases, PDF p. 69; disease sections, PDF pp. 70, 72-73, 75",1,AI_REVIEWED_PASS,Cori (III) and Andersen (IV) can also involve muscle and overlap PLX-BCH-040 (muscle group) - do not co-place both categories on one board. Do not accept liver-only GSDs or uniform early fasting hypoglycemia.
PLX-BCH-016,Neurotransmitters formed through B6-dependent decarboxylation,GABA,Histamine,Dopamine,Serotonin,Shared biosynthetic reaction,Vitamin B6 as PLP supports the decarboxylation step in synthesis of all four. Serotonin synthesis requires hydroxylation before decarboxylation.,Nervous / Immune,Biochemistry,Medium,PLP-dependent neurotransmitter synthesis; Neurotransmitter products of B6-requiring decarboxylases,Bootcamp.com Biochemistry Jan 2025(1).pdf,"Vitamins > Vitamin B6, PDF p. 136; Protein Metabolism > Phenylalanine, Tryptophan, and Charged Amino Acid Metabolism, PDF pp. 105, 107-108",1,AI_REVIEWED_PASS,"Do not claim all four are monoamines, or that tryptophan converts to serotonin in one step. Board overlap with PLX-BCH-072 (PLP enzymes - uses enzyme tiles, not products)."
PLX-BCH-017,Classic findings of scurvy,Corkscrew hairs,Perifollicular hemorrhage,Gingival bleeding,Poor wound healing,Shared deficiency syndrome,"Vitamin C deficiency impairs collagen prolyl/lysyl hydroxylation, producing the characteristic hair, bleeding, and healing abnormalities.",Dermatologic / Connective tissue,Biochemistry / Pathology,Easy,Vitamin C deficiency findings; Impaired collagen hydroxylation manifestations,Bootcamp.com Biochemistry Jan 2025(1).pdf,"Vitamins > Vitamin C, PDF p. 132; Connective Tissue > Collagen Synthesis, PDF p. 25",1,AI_REVIEWED_PASS,Individual findings are not exclusive to scurvy. Competing category: general collagen dysfunction (less specific given corkscrew hairs/perifollicular hemorrhage).
PLX-BCH-018,Classic findings of osteogenesis imperfecta,Minimal-trauma fractures,Blue sclerae,Opalescent teeth,Progressive hearing loss,Shared disease presentation,"Deficient functional type I collagen affects bone, sclera, dentin, and the ossicles/inner ear, producing these findings.",Musculoskeletal / Ophthalmic / Otologic,Biochemistry / Genetics,Easy,Brittle bone disease findings; Type I collagen disorder manifestations,Bootcamp.com Biochemistry Jan 2025(1).pdf,"Connective Tissue > Osteogenesis Imperfecta, PDF p. 26",1,AI_REVIEWED_PASS,Hearing loss is not universal and varies with age and subtype; do not require all four findings in every patient.
PLX-BCH-019,Acute intermittent porphyria attack clues,Abdominal pain,Polyneuropathy,Psychiatric disturbances,Port-wine standing urine,Shared disease presentation,This neurovisceral and urinary constellation occurs during AIP attacks associated with accumulation of ALA and porphobilinogen.,Gastrointestinal / Nervous,Biochemistry / Pathology,Medium,AIP neurovisceral attack findings; Acute intermittent porphyria manifestations,Bootcamp.com Biochemistry Jan 2025(1).pdf,"Porphyrias > Acute Intermittent Porphyria, PDF p. 122",1,AI_REVIEWED_PASS,Urine color is variable. Lead toxicity covers the first three but is distinguished by lack of the urine change. AIP is non-blistering; do not imply photosensitivity.
PLX-BCH-020,Susceptibility factors for porphyria cutanea tarda,Iron overload,Alcohol use,Hepatitis C,Smoking,Shared disease susceptibility association,"These exposures/conditions are associated with symptomatic porphyria cutanea tarda - susceptibility associations, not sufficient causes on their own.",Hepatic / Dermatologic,Biochemistry / Pathology,Medium,PCT susceptibility factors; Factors associated with symptomatic porphyria cutanea tarda,Bootcamp.com Biochemistry Jan 2025(1).pdf,"Porphyrias > Heme Synthesis and Porphyria Cutanea Tarda, PDF pp. 120, 123",1,AI_REVIEWED_PASS,"Smoking appears on p. 120, not the shorter p. 123 list; both pages cited. Distinguish susceptibility from the UV-triggered skin injury that produces lesions."
PLX-BCH-021,Intermediate filament lineage markers,Cytokeratin,Vimentin,Desmin,GFAP,Shared structural class and diagnostic role,"These intermediate filament proteins mark epithelial, mesenchymal, muscle, and glial differentiation, respectively.",Multisystem,Cell Biology / Histology / Pathology,Medium,Intermediate filament immunohistochemistry markers; Lineage-associated intermediate filaments,Bootcamp.com Biochemistry Jan 2025(1).pdf,"Cell Biology > Cytoskeleton, PDF p. 8",1,AI_REVIEWED_PASS,GFAP = glial fibrillary acidic protein. Expression is not universally tumor-specific; do not infer a diagnosis from one stain. Competing category: tumor lineage markers.
PLX-BCH-022,Findings associated with primary ciliary dyskinesia,Bronchiectasis,Recurrent sinusitis,Situs inversus,Male infertility,Shared disease presentation,Dysfunctional motile cilia impair airway clearance and sperm motility; abnormal embryonic nodal cilia can disrupt organ laterality.,Pulmonary / Reproductive,Cell Biology / Genetics / Pathology,Easy,Motile cilia dysfunction findings; Primary ciliary dyskinesia manifestations,Bootcamp.com Biochemistry Jan 2025(1).pdf,"Cell Biology > Primary Ciliary Dyskinesia, PDF p. 9",1,AI_REVIEWED_PASS,Situs inversus (~50%) and infertility are not universal. Do not label this four-item set the Kartagener triad. Competing category: Kartagener syndrome (situs-inversus subset).
PLX-BCH-023,Diagnostic clues for I-cell disease,Elevated serum lysosomal enzymes,Lysosomal inclusion bodies,Normal/near-normal urinary glycosaminoglycans,Coarse facial features,Shared disease diagnostic association,"Failure to tag lysosomal enzymes with mannose-6-phosphate causes extracellular enzyme elevation and intracellular inclusions. Urinary GAGs are normal or only mildly elevated, helping distinguish I-cell disease from the mucopolysaccharidoses.",Multisystem,Cell Biology / Genetics,Medium,Mucolipidosis II clues; Failed lysosomal enzyme targeting findings,Bootcamp.com Biochemistry Jan 2025(1).pdf,"Cell Biology > I-Cell Disease, PDF p. 4",1,AI_REVIEWED_REVISED,"REVISED: Tile 3 Normal urinalysis replaced with Normal/near-normal urinary glycosaminoglycans - the actual discriminator from MPS. GAGs do accumulate in ML II/III, but urinary GAG excretion is typically normal or only mildly elevated versus the marked elevation in MPS (Cusmano-Ozog et al., CAP/ACMG, Genet Med Open 2024). Competing category: Hurler syndrome (shares coarse features)."
PLX-BCH-024,Characteristic clues for Tay-Sachs disease,Hexosaminidase A deficiency,GM2 ganglioside accumulation,Cherry-red macula,Onion-skin lysosomes,Shared disease diagnostic association,"Deficient hexosaminidase A allows GM2 storage, producing characteristic retinal and lysosomal findings.",Nervous / Ophthalmic,Biochemistry / Genetics / Pathology,Easy,Tay-Sachs diagnostic associations; Hexosaminidase A deficiency clues,Bootcamp.com Biochemistry Jan 2025(1).pdf,"Lysosomal Storage Diseases > Tay-Sachs Disease, PDF p. 14",0,AI_REVIEWED_PASS,"No hepatosplenomegaly, distinguishing from Niemann-Pick. Competing category: other GM2 gangliosidoses (distinguished by HexA deficiency)."
PLX-BCH-025,Classic Fabry disease associations,Angiokeratomas,Hypohidrosis,Neuropathic pain,Progressive renal failure,Shared disease presentation,"Alpha-galactosidase A deficiency affects skin, sweating, peripheral nerves, and kidneys, producing this characteristic combination.",Dermatologic / Nervous / Renal,Biochemistry / Genetics / Pathology,Easy,Fabry manifestations; Clinical effects of alpha-galactosidase A deficiency,Bootcamp.com Biochemistry Jan 2025(1).pdf,"Lysosomal Storage Diseases > Fabry Disease, PDF p. 15",1,AI_REVIEWED_PASS,Renal failure is a later complication; do not imply it accompanies every early presentation. X-linked.
PLX-BCH-026,Characteristic Gaucher disease findings,Crumpled-paper macrophages,Bone crises,Femoral avascular necrosis,Hepatosplenomegaly,Shared disease presentation and pathology,"Glucocerebroside storage in macrophages and involvement of bone, liver, and spleen explain these associations.",Hematologic / Musculoskeletal / Hepatic,Biochemistry / Genetics / Pathology,Easy,Gaucher clinical and histologic clues; Glucocerebrosidase deficiency associations,Bootcamp.com Biochemistry Jan 2025(1).pdf,"Lysosomal Storage Diseases > Gaucher Disease, PDF p. 18",1,AI_REVIEWED_PASS,Prefer the named histologic tile (crumpled-tissue-paper macrophages) over generic bone pain. Competing category: sickle cell disease (matches clinical findings but lacks Gaucher cells).
PLX-BCH-027,Diagnostic associations of Krabbe disease,Galactocerebrosidase deficiency,Psychosine accumulation,Globoid cells,Optic atrophy,Shared disease diagnostic association,"Deficient galactocerebrosidase leads to psychosine accumulation and characteristic globoid cells, with optic atrophy among the neurologic findings.",Nervous / Ophthalmic,Biochemistry / Genetics / Pathology,Medium,Globoid cell leukodystrophy clues; Krabbe diagnostic findings,Bootcamp.com Biochemistry Jan 2025(1).pdf,"Lysosomal Storage Diseases > Krabbe Disease, PDF p. 17",0,AI_REVIEWED_PASS,"Optic atrophy is a possible manifestation, not mandatory in every patient."
PLX-BCH-028,Diagnostic associations of metachromatic leukodystrophy,Arylsulfatase A deficiency,Sulfatide accumulation,Central and peripheral demyelination,Metachromatic macrophage vacuoles,Shared disease diagnostic association,Deficient arylsulfatase A prevents sulfatide breakdown; storage causes demyelination and metachromatic staining of macrophage vacuoles.,Nervous,Biochemistry / Genetics / Pathology,Medium,Metachromatic leukodystrophy clues; Arylsulfatase A deficiency findings,Bootcamp.com Biochemistry Jan 2025(1).pdf,"Lysosomal Storage Diseases > Metachromatic Leukodystrophy, PDF p. 16",0,AI_REVIEWED_PASS,Low enzyme activity alone is not sufficient standalone clinical verification.
PLX-BCH-029,Classical Ehlers-Danlos findings,Joint hypermobility,Hyperextensible skin,Atrophic scars,Poor wound healing,Shared subtype-specific presentation,"Classical EDS combines joint and skin extensibility with tissue fragility, abnormal scarring, and poor healing.",Connective tissue / Musculoskeletal / Dermatologic,Genetics / Pathology,Easy,Classical EDS manifestations; Classical Ehlers-Danlos clinical features,Bootcamp.com Biochemistry Jan 2025(1).pdf,"Connective Tissue > Ehlers Danlos Syndrome, PDF p. 27",1,AI_REVIEWED_PASS,Do not treat the four findings as universal across all EDS subtypes. Competing category: Ehlers-Danlos syndrome (broader).
PLX-BCH-030,Characteristic Menkes disease clues,Kinky brittle hair,Hypopigmentation,Low serum copper,Low ceruloplasmin,Shared disease presentation and laboratory pattern,"Impaired copper export from enterocytes (ATP7A) causes systemic copper deficiency, with characteristic hair and pigmentation changes and low circulating copper and ceruloplasmin.",Multisystem / Nervous / Dermatologic,Biochemistry / Genetics,Easy,Menkes diagnostic pattern; ATP7A-related copper deficiency findings,Bootcamp.com Biochemistry Jan 2025(1).pdf,"Connective Tissue > Menkes Disease, PDF p. 28",1,AI_REVIEWED_PASS,Low ceruloplasmin also occurs in Wilson disease and cannot identify Menkes by itself. Competing category: systemic copper deficiency.
PLX-BCH-031,Classic Marfan syndrome associations,Arachnodactyly,Upward lens subluxation,Aortic dissection,Pectus deformity,Shared disease presentation,"Defective fibrillin (FBN1) produces the skeletal, ocular, and aortic manifestations of Marfan syndrome.",Connective tissue / Cardiovascular / Ophthalmic,Genetics / Pathology,Easy,Marfan clinical findings; FBN1-associated manifestations,Bootcamp.com Biochemistry Jan 2025(1).pdf,"Connective Tissue > Elastin, Fibrillin, and Marfan Syndrome, PDF p. 29",1,AI_REVIEWED_PASS,"Upward (superior) lens displacement contrasts with downward displacement in homocystinuria. Aortic dissection is a possible complication, not required for diagnosis."
PLX-BCH-032,B vitamins supplying PDH and alpha-KGDH cofactors,Vitamin B1,Vitamin B2,Vitamin B3,Vitamin B5,Shared cofactor precursor requirement,"These vitamins supply TPP, FAD, NAD+, and CoA for both the pyruvate dehydrogenase and alpha-ketoglutarate dehydrogenase complexes; lipoic acid is the additional nonvitamin cofactor.",Multisystem,Biochemistry,Medium,Vitamin precursors for PDH cofactors; B vitamins required by alpha-ketoglutarate dehydrogenase,Bootcamp.com Biochemistry Jan 2025(1).pdf,"Energy Production > Pyruvate Dehydrogenase Complex and TCA Cycle, PDF pp. 36-37",1,AI_REVIEWED_PASS,"The vitamin tiles are precursors, not the activated cofactors; do not omit lipoic acid when teaching the full five-cofactor list. Board overlap with PLX-BCH-001."
PLX-BCH-033,Carbon sources for gluconeogenesis,Lactate,Alanine,Glycerol,Propionyl-CoA,Shared pathway input,"These carbon sources enter gluconeogenesis through pyruvate, DHAP, or TCA intermediates.",Hepatic / Renal,Biochemistry,Medium,Gluconeogenic substrates; Carbon inputs to new glucose production,Bootcamp.com Biochemistry Jan 2025(1).pdf,"Carbohydrates > Gluconeogenesis, PDF p. 43; Lipid Metabolism > Fed vs. Fasting State, PDF p. 96",1,AI_REVIEWED_PASS,"Propionyl-CoA contributes via methylmalonyl-CoA to succinyl-CoA (TCA), not a one-step conversion to glucose. Keep other glucogenic amino acids off the same board unless disambiguated."
PLX-BCH-034,Hormones that increase PEPCK in the source,Glucagon,Cortisol,Epinephrine,Thyroid hormone,Shared metabolic regulation,"These four hormones increase PEP carboxykinase per the source, supporting increased glucose production.",Endocrine / Hepatic,Biochemistry / Physiology,Hard,Hormonal upregulators of PEP carboxykinase; Hormones promoting PEPCK-mediated gluconeogenesis,Bootcamp.com Biochemistry Jan 2025(1).pdf,"Carbohydrates > Gluconeogenesis, PDF p. 43",1,AI_REVIEWED_PASS,"Do not imply identical receptor pathways, direct allosteric activation, or identical regulatory timescales. Competing category: hormones promoting gluconeogenesis."
PLX-BCH-035,Amino acids whose catabolism yields propionyl-CoA,Methionine,Valine,Isoleucine,Threonine,Shared catabolic intermediate,"These amino acids are catabolized to propionyl-CoA, which feeds the methylmalonyl-CoA to succinyl-CoA pathway.",Multisystem,Biochemistry,Medium,Propionyl-CoA-producing amino acids; Amino acid inputs to the propionyl-CoA pathway,Bootcamp.com Biochemistry Jan 2025(1).pdf,"One-Carbon Metabolism > Homocysteine Metabolism, PDF p. 54; Protein Metabolism > Branched Chain Amino Acids, PDF p. 110",1,AI_REVIEWED_PASS,"Isoleucine also yields acetyl-CoA; this category does not assert exclusive glucogenic metabolism. All four are essential amino acids, but that broader category is weaker. Competing category: amino acids feeding succinyl-CoA."
PLX-BCH-036,Processes using SAM methyl donation,Creatine synthesis,Epinephrine synthesis,Phosphatidylcholine synthesis,DNA methylation,Shared methyl donor,"S-adenosylmethionine donates methyl groups to each process, linking one-carbon metabolism to energy storage, catecholamines, membranes, and gene regulation.",Multisystem,Biochemistry / Molecular Biology,Medium,SAM-dependent methylation processes; Uses of S-adenosylmethionine,Bootcamp.com Biochemistry Jan 2025(1).pdf,"One-Carbon Metabolism > The Activated Methyl Group Cycle, PDF p. 53",1,AI_REVIEWED_PASS,Other methylation reactions also qualify; do not add RNA or protein methylation tiles to the same board without resolving overlap.
PLX-BCH-037,Classic homocystinuria clinical associations,Marfanoid habitus,Downward lens subluxation,Thromboembolism,Intellectual disability,Shared disease presentation,"Classic CBS-deficiency homocystinuria produces this skeletal, ocular, vascular, and neurologic pattern, distinguishing it from Marfan syndrome.",Connective tissue / Ophthalmic / Cardiovascular / Nervous,Biochemistry / Genetics,Easy,Homocystinuria clinical clues; Classic homocystinuria manifestations,Bootcamp.com Biochemistry Jan 2025(1).pdf,"One-Carbon Metabolism > Homocystinuria, PDF p. 55",1,AI_REVIEWED_PASS,Downward (inferonasal) lens displacement and the vascular/neuro features distinguish from Marfan. Do not imply every remethylation disorder has all classic CBS features.
PLX-BCH-038,Pathogens associated with chronic granulomatous disease,Staphylococcus aureus,Serratia,Nocardia,Aspergillus,Shared immune-defect susceptibility,"NADPH oxidase deficiency impairs the respiratory burst, causing vulnerability to catalase-positive organisms.",Immune,Microbiology / Biochemistry,Medium,CGD infection associations; Catalase-positive pathogens important in CGD,Bootcamp.com Biochemistry Jan 2025(1).pdf,"Oxidative Stress > Respiratory (Oxidative) Burst, PDF p. 60",1,AI_REVIEWED_PASS,"These four are selected examples, not an exhaustive pathogen list. Competing category: catalase-positive pathogens."
PLX-BCH-039,Metabolic consequences of ethanol-driven NADH excess,Lactic acidosis,Hypoglycemia,Alcoholic ketoacidosis,Hepatic steatosis,Shared upstream biochemical disturbance,"An increased NADH:NAD+ ratio during ethanol metabolism alters lactate handling, reduces glucose production, promotes ketogenesis, and drives triglyceride accumulation.",Hepatic / Metabolic,Biochemistry / Pathology,Medium,Effects of ethanol-induced NADH excess; Alcohol-related redox imbalance outcomes,Bootcamp.com Biochemistry Jan 2025(1).pdf,"Oxidative Stress > Ethanol Metabolism, PDF p. 61",1,AI_REVIEWED_PASS,These findings need not occur together or after every alcohol exposure. Competing category: metabolic complications of alcohol exposure (broader).
PLX-BCH-040,Glycogen storage diseases with muscle involvement,Pompe disease,Cori disease,Andersen disease,McArdle disease,Shared tissue involvement within a disease family,"GSD types II, III, IV, and V involve muscle, although the affected muscle types and presentations differ.",Musculoskeletal / Cardiovascular,Biochemistry / Genetics,Medium,"Muscle-involving GSDs; GSD types II, III, IV, and V",Bootcamp.com Biochemistry Jan 2025(1).pdf,"Glycogen > Overview of Glycogen Storage Diseases, PDF p. 69",1,AI_REVIEWED_PASS,Cori (III) and Andersen (IV) overlap PLX-BCH-015 (hepatic group) - do not combine both categories in one puzzle without resolving interchangeable tiles. Do not imply all four are muscle-only or give identical exercise-test results.
PLX-BCH-041,Characteristic Von Gierke metabolic abnormalities,Severe fasting hypoglycemia,Elevated lactate,Hypertriglyceridemia,Hyperuricemia,Shared disease laboratory pattern,"Failure of hepatic glucose release in GSD I (glucose-6-phosphatase) produces severe fasting hypoglycemia with lactate, lipid, and uric-acid abnormalities.",Hepatic / Metabolic,Biochemistry / Genetics,Easy,GSD I laboratory findings; Von Gierke biochemical signature,Bootcamp.com Biochemistry Jan 2025(1).pdf,"Glycogen > Von Gierke Disease and Summary, PDF pp. 70, 76",1,AI_REVIEWED_PASS,Cori has milder hypoglycemia with normal lactate and uric acid. Severity varies; do not require every abnormality at every measurement.
PLX-BCH-042,Classic Pompe disease clues,Macroglossia,Hypertrophic cardiomyopathy,Proximal myopathy,Glycogen-filled lysosomes,Shared disease presentation and pathology,"Lysosomal acid alpha-glucosidase deficiency causes lysosomal glycogen storage with characteristic skeletal and cardiac muscle findings, classically in the infantile form.",Musculoskeletal / Cardiovascular,Biochemistry / Genetics / Pathology,Easy,GSD II clinical and biopsy clues; Pompe manifestations,Bootcamp.com Biochemistry Jan 2025(1).pdf,"Glycogen > Pompe Disease, PDF p. 71",1,AI_REVIEWED_PASS,Hypertrophic cardiomyopathy and macroglossia characterize the infantile phenotype and are less prominent in late-onset disease; retain the infantile qualifier.
PLX-BCH-043,Characteristic McArdle disease clues,Second-wind phenomenon,Exercise-induced myoglobinuria,Flat exercise lactate response,Normal blood glucose,Shared disease clinical and laboratory pattern,"Muscle glycogen phosphorylase deficiency impairs muscle glycogen use, producing second wind, exertional muscle injury, an absent lactate rise on the ischemic forearm test, and preserved blood glucose.",Musculoskeletal,Biochemistry / Genetics,Medium,GSD V associations; McArdle exercise and laboratory findings,Bootcamp.com Biochemistry Jan 2025(1).pdf,"Glycogen > McArdle Disease, PDF p. 74",1,AI_REVIEWED_PASS,A flat lactate response is not exclusive to McArdle; do not use the entry as a testing recommendation. Competing category: other exertional myopathies.
PLX-BCH-044,Extrahepatic tissues that can oxidize ketone bodies,Heart,Brain,Skeletal muscle,Renal cortex,Shared fuel utilization capability,These tissues can oxidize liver-produced ketone bodies in mitochondria during glucose scarcity; brain ketone use depends on metabolic state and adaptation.,Cardiovascular / Nervous / Musculoskeletal / Renal,Biochemistry / Physiology,Medium,Ketone-utilizing extrahepatic tissues; Tissues capable of ketolysis,Bootcamp.com Biochemistry Jan 2025(1).pdf,"Lipid Metabolism > Ketone Synthesis and Oxidation, PDF p. 95",1,AI_REVIEWED_PASS,The liver cannot use ketones (lacks thiophorase/SCOT); do not include RBCs (no mitochondria). These are not the only ketone-using tissues.
PLX-BCH-045,Familial hyperchylomicronemia clinical clues,Eruptive xanthomas,Recurrent pancreatitis,Hepatosplenomegaly,Creamy plasma supernatant,Shared disease presentation and laboratory appearance,"Type I familial dyslipidemia (LPL or apoC-II deficiency) causes marked chylomicron/triglyceride elevation with these skin, pancreatic, organ, and plasma findings.",Metabolic / Gastrointestinal / Dermatologic,Biochemistry / Genetics / Pathology,Medium,Type I dyslipidemia findings; Familial hyperchylomicronemia clues,Bootcamp.com Biochemistry Jan 2025(1).pdf,"Lipid Metabolism > Familial Dyslipidemias, PDF p. 89",1,AI_REVIEWED_PASS,Findings do not uniquely prove the inherited enzyme defect. Competing category: chylomicronemia syndrome (familial or acquired).
PLX-BCH-046,Familial hypercholesterolemia clues,Achilles tendon xanthomas,Corneal arcus,Early atherosclerosis,Elevated LDL,Shared disease presentation and laboratory pattern,"Familial type IIa hypercholesterolemia (LDL receptor defect) causes high LDL, tendon xanthomas, corneal arcus, and premature atherosclerotic disease.",Cardiovascular / Metabolic / Dermatologic,Biochemistry / Genetics / Pathology,Easy,Type IIa dyslipidemia findings; Familial hypercholesterolemia associations,Bootcamp.com Biochemistry Jan 2025(1).pdf,"Lipid Metabolism > Familial Dyslipidemias, PDF p. 89",1,AI_REVIEWED_PASS,Corneal arcus is not diagnostic of inherited disease by itself and must be interpreted with age and the other findings.
PLX-BCH-047,Pancreatic zymogens activated by trypsin,Chymotrypsinogen,Proelastase,Procarboxypeptidase A,Procarboxypeptidase B,Shared activating enzyme,Trypsin proteolytically activates each pancreatic precursor into an active digestive protease.,Gastrointestinal,Biochemistry / Physiology,Medium,Trypsin-activated digestive zymogens; Pancreatic protease precursors activated by trypsin,Bootcamp.com Biochemistry Jan 2025(1).pdf,"Protein Metabolism > Protein Digestion and Absorption, PDF p. 103",1,AI_REVIEWED_PASS,"Procarboxypeptidase A and B are distinct enzymes, not duplicate aliases. Trypsinogen is itself activated by enteropeptidase (keep off this board); exclude pepsinogen. Competing category: pancreatic digestive zymogens."
PLX-BCH-048,Products derived from tyrosine,Dopamine,Norepinephrine,Epinephrine,Melanin,Shared biosynthetic precursor,These signaling molecules and the pigment melanin are downstream of tyrosine metabolism.,Nervous / Endocrine / Dermatologic,Biochemistry,Easy,Tyrosine-derived molecules; Products of tyrosine biosynthesis pathways,Bootcamp.com Biochemistry Jan 2025(1).pdf,"Protein Metabolism > Phenylalanine, Tyrosine, and Catecholamines, PDF p. 105",1,AI_REVIEWED_PASS,Melanin prevents catecholamines from being a valid four-member alternate. Phenylalanine-derived products is acceptable when the tyrosine intermediate is acknowledged. No one-step conversion claim.
PLX-BCH-049,Classic phenylketonuria presentation clues,Musty odor,Fair complexion,Seizures,Eczema,Shared disease presentation,Phenylalanine accumulation and impaired downstream tyrosine/melanin production cause these findings in untreated PKU.,Nervous / Dermatologic / Metabolic,Biochemistry / Genetics,Easy,PKU clinical associations; Phenylketonuria manifestations,Bootcamp.com Biochemistry Jan 2025(1).pdf,"Protein Metabolism > Clinical Implications of Phenylalanine Metabolism, PDF p. 106",1,AI_REVIEWED_PASS,These are untreated-disease findings; a patient treated after newborn screening may not develop them.
PLX-BCH-050,Classic alkaptonuria associations,Ochronosis,Black urine after standing,Elevated homogentisate,Arthritis,Shared disease presentation and laboratory pattern,"Impaired homogentisate breakdown (homogentisate oxidase deficiency) connects darkening urine, connective-tissue pigmentation, and joint disease.",Musculoskeletal / Metabolic,Biochemistry / Genetics,Easy,Homogentisate oxidase deficiency clues; Alkaptonuria manifestations,Bootcamp.com Biochemistry Jan 2025(1).pdf,"Protein Metabolism > Clinical Implications of Phenylalanine Metabolism, PDF p. 106",0,AI_REVIEWED_PASS,Arthritis develops with age; absence in an infant does not invalidate the association. Black standing urine is distinct from AIP port-wine urine.
PLX-BCH-051,Diagnostic clues for maple syrup urine disease,Sweet-smelling urine,Elevated branched-chain amino acids,Elevated branched-chain ketoacids,Infantile dystonia,Shared disease presentation and biochemical pattern,"Deficient branched-chain ketoacid dehydrogenase causes accumulation of BCAAs and their ketoacids, with characteristic urine odor and neurologic dysfunction.",Nervous / Metabolic,Biochemistry / Genetics,Medium,MSUD diagnostic findings; Branched-chain ketoacid dehydrogenase deficiency clues,Bootcamp.com Biochemistry Jan 2025(1).pdf,"Protein Metabolism > Branched Chain Amino Acids, PDF p. 110",1,AI_REVIEWED_PASS,"Infantile dystonia is one possible neurologic manifestation, not universal across MSUD phenotypes."
PLX-BCH-052,Diagnostic clues for cystinuria,Hexagonal urinary crystals,Recurrent nephrolithiasis,Increased urinary cystine,Positive cyanide-nitroprusside test,Shared disease diagnostic association,Failure of cystine reabsorption causes urinary cystine accumulation and crystallization; the stone pattern and qualitative test are diagnostic clues.,Renal,Biochemistry / Genetics,Easy,Cystine stone disorder findings; Cystinuria diagnostic associations,Bootcamp.com Biochemistry Jan 2025(1).pdf,"Protein Metabolism > Cystinuria and Organic Acidemias, PDF p. 109",1,AI_REVIEWED_PASS,The nitroprusside test is not independently specific in all settings; crystal and cystine findings are stronger anchors. Differs from PLX-BCH-003 (transported amino acid identities) - do not co-place.
PLX-BCH-053,Causes associated with sideroblastic anemia,Vitamin B6 deficiency,Lead poisoning,Alcohol exposure,Isoniazid,Shared adverse effect or disease consequence,"These nutritional, toxic, and medication-related factors disturb heme synthesis and can cause sideroblastic anemia.",Hematology,Biochemistry / Pharmacology / Pathology,Medium,Acquired contributors to sideroblastic anemia; Causes of impaired heme synthesis with ring sideroblasts,Bootcamp.com Biochemistry Jan 2025(1).pdf,"Porphyrias > Heme Synthesis and Heme Synthesis Regulation, PDF pp. 120-121; Vitamins > Vitamin B6, PDF p. 136",1,AI_REVIEWED_PASS,"Isoniazid depletes B6, so these two can lie on the same causal chain but remain distinct etiologic tiles. Competing category: impaired heme synthesis."
PLX-BCH-054,Source-described sideroblastic anemia findings,Ringed sideroblasts,Basophilic stippling,Microcytosis,Elevated serum iron,Shared hematologic pattern,"Defective heme production traps iron in erythroid mitochondria, producing this marrow, blood-film, red-cell-size, and iron pattern.",Hematology,Biochemistry / Pathology,Medium,Sideroblastic anemia laboratory and morphology clues; Impaired heme synthesis anemia pattern,Bootcamp.com Biochemistry Jan 2025(1).pdf,"Porphyrias > Heme Synthesis Regulation and Sideroblastic Anemia, PDF p. 121; Vitamins > Vitamin B6, PDF p. 136",1,AI_REVIEWED_PASS,"Source-described pattern, not mandatory criteria: MCV can vary and basophilic stippling is particularly associated with lead. Competing category: lead-associated sideroblastic anemia."
PLX-BCH-055,Source-listed precipitants of AIP attacks,Barbiturates,Phenytoin,Alcohol,Smoking,Shared disease exacerbation association,These exposures can precipitate attacks in susceptible individuals by inducing ALAS1/CYP demand in the setting of impaired heme precursor processing.,Hepatic / Nervous,Biochemistry / Pharmacology / Pathology,Medium,Acute intermittent porphyria attack triggers; Exposures precipitating AIP attacks,Bootcamp.com Biochemistry Jan 2025(1).pdf,"Porphyrias > Acute Intermittent Porphyria, PDF p. 122",1,AI_REVIEWED_PASS,"Tiles include exposures, not only drugs; generic drug enzyme inducers is insufficient. Do not infer that all antiseizure drugs or all sedatives are porphyrinogenic. Competing category: porphyrinogenic exposures."
PLX-BCH-056,Characteristic porphyria cutanea tarda findings,Photosensitive fragile blisters,Hypertrichosis,Hyperpigmentation,Pink urine fluorescence,Shared disease presentation and diagnostic finding,Cutaneous porphyrin accumulation causes sun-exposed blistering and skin changes; urine fluoresces pink/coral under a Wood lamp.,Dermatologic / Hepatic,Biochemistry / Pathology,Medium,PCT cutaneous and urine clues; Porphyria cutanea tarda manifestations,Bootcamp.com Biochemistry Jan 2025(1).pdf,"Porphyrias > Porphyria Cutanea Tarda, PDF p. 123",1,AI_REVIEWED_PASS,Pink fluorescence requires the Wood lamp context; do not imply pink urine on ordinary inspection. Competing category: pseudoporphyria (lacks the urine finding).
PLX-BCH-057,Ocular findings of vitamin A deficiency,Night blindness,Bitot spots,Xerophthalmia,Keratomalacia,Shared deficiency-related tissue injury,"Vitamin A deficiency impairs rod vision and causes ocular surface injury, producing these classic findings.",Ophthalmic,Biochemistry / Nutrition / Pathology,Easy,Vitamin A deficiency eye findings; Ocular manifestations of retinol deficiency,Bootcamp.com Biochemistry Jan 2025(1).pdf,"Vitamins > Vitamin A, PDF p. 128",0,AI_REVIEWED_PASS,Xerophthalmia can function as an umbrella term encompassing some listed manifestations; these are conventionally taught as separate findings.
PLX-BCH-058,Chronic vitamin A toxicity findings,Alopecia,Hepatotoxicity,Arthralgia,Intracranial hypertension,Shared excess-related adverse effects,"Chronic vitamin A excess causes hair loss, liver injury, joint symptoms, and intracranial hypertension (pseudotumor cerebri).",Multisystem,Biochemistry / Nutrition / Pharmacology,Medium,Chronic hypervitaminosis A manifestations; Chronic retinoid excess findings,Bootcamp.com Biochemistry Jan 2025(1).pdf,"Vitamins > Vitamin A, PDF p. 128",1,AI_REVIEWED_PASS,Do not assert every retinoid formulation or dose has an identical toxicity profile. Competing category: retinoid toxicity.
PLX-BCH-059,Classic skeletal findings of rickets,Bowed long bones,Rachitic rosary,Craniotabes,Delayed fontanelle closure,Shared pediatric mineralization disorder,"Deficient mineralization of growing bone produces these limb, costochondral, and skull findings.",Musculoskeletal,Biochemistry / Nutrition / Pathology,Easy,Rickets skeletal manifestations; Childhood vitamin D deficiency bone findings,Bootcamp.com Biochemistry Jan 2025(1).pdf,"Vitamins > Vitamin D, PDF p. 129",1,AI_REVIEWED_PASS,"Other causes of rickets also produce these signs, so findings do not uniquely establish a nutritional cause. Do not generalize pediatric skull findings to adult osteomalacia."
PLX-BCH-060,Syndromes associated with thiamine deficiency,Wernicke encephalopathy,Korsakoff syndrome,Dry beriberi,Wet beriberi,Shared vitamin deficiency,Thiamine deficiency causes acute and chronic neurocognitive syndromes and neurologic or cardiovascular beriberi.,Nervous / Cardiovascular,Biochemistry / Nutrition / Pathology,Easy,Vitamin B1 deficiency syndromes; Thiamine deficiency clinical syndromes,Bootcamp.com Biochemistry Jan 2025(1).pdf,"Vitamins > Vitamin B1, PDF p. 133",1,AI_REVIEWED_PASS,"Wernicke and Korsakoff are related clinical stages. Thiamine deficiency also occurs without alcohol, so alcohol-associated syndromes is less precise."
PLX-BCH-061,Contributors to niacin deficiency,Malnutrition,Vitamin B6 deficiency,Hartnup disease,Carcinoid syndrome,Shared vitamin depletion or impaired synthesis,"Inadequate intake, impaired tryptophan-to-niacin conversion (B6), reduced tryptophan absorption (Hartnup), and diversion of tryptophan to serotonin (carcinoid) each reduce niacin availability.",Gastrointestinal / Metabolic,Biochemistry / Nutrition / Pathology,Medium,Pellagra risk factors; Causes of reduced niacin availability,Bootcamp.com Biochemistry Jan 2025(1).pdf,"Vitamins > Vitamin B3, PDF p. 135; Protein Metabolism > Tryptophan, Niacin, and Serotonin, PDF p. 107",1,AI_REVIEWED_PASS,"Do not imply every patient with these conditions develops pellagra, or that carcinoid is an amino acid transporter defect. Competing category: pellagra causes."
PLX-BCH-062,Vitamin B6 deficiency manifestations,Peripheral neuropathy,Seizures,Sideroblastic anemia,Angular cheilitis,Shared vitamin deficiency,Loss of PLP-dependent functions affects neurotransmitter pathways and heme production and produces characteristic oral findings.,Nervous / Hematologic / Mucocutaneous,Biochemistry / Nutrition / Pathology,Medium,Pyridoxine deficiency findings; PLP deficiency manifestations,Bootcamp.com Biochemistry Jan 2025(1).pdf,"Vitamins > Vitamin B6, PDF p. 136",1,AI_REVIEWED_PASS,"Neuropathy also occurs with B6 excess, but excess does not explain the full deficiency constellation. Competing category: isoniazid-associated B6 depletion."
PLX-BCH-063,Vitamin B12 deficiency diagnostic associations,Megaloblastic anemia,Elevated homocysteine,Elevated methylmalonic acid,Subacute combined degeneration,Shared deficiency-related laboratory and neurologic pattern,"B12 deficiency impairs DNA synthesis and both homocysteine and methylmalonyl-CoA metabolism, and causes characteristic spinal cord injury.",Hematologic / Nervous,Biochemistry / Nutrition / Pathology,Easy,Cobalamin deficiency findings; B12 laboratory and neurologic signature,Bootcamp.com Biochemistry Jan 2025(1).pdf,"Vitamins > Vitamins B9 and B12, PDF p. 138",0,AI_REVIEWED_PASS,Folate deficiency raises homocysteine but not MMA and lacks the spinal-cord pattern. Neurologic findings can occur without anemia; the four need not be simultaneous.
PLX-BCH-064,Zinc-dependent enzymes,Angiotensin-converting enzyme,Carbonic anhydrase,Alkaline phosphatase,DNA polymerase,Shared metal requirement,"Zinc is a cofactor for each enzyme or family, linking it to peptide processing, acid-base chemistry, phosphate hydrolysis, and DNA synthesis.",Multisystem,Biochemistry,Hard,Zinc-requiring enzymes; Enzymes with zinc cofactor associations,Bootcamp.com Biochemistry Jan 2025(1).pdf,"Vitamins > Trace Elements, PDF p. 140",1,AI_REVIEWED_PASS,"DNA polymerase is a family-level tile that may need more precise wording for advanced audiences; zinc is not the only metal needed for catalysis (e.g., Mg in polymerases)."
PLX-BCH-065,Classic zinc deficiency findings,Poor wound healing,Alopecia,Diarrhea,Dysgeusia,Shared trace-element deficiency,"Zinc deficiency impairs healing and causes hair loss, gastrointestinal symptoms, and altered taste.",Dermatologic / Gastrointestinal / Sensory,Biochemistry / Nutrition / Pathology,Medium,Zinc depletion manifestations; Zinc deficiency clinical associations,Bootcamp.com Biochemistry Jan 2025(1).pdf,"Vitamins > Trace Elements, PDF p. 140",1,AI_REVIEWED_PASS,The four findings do not specify the inherited cause (acrodermatitis enteropathica). Taste disturbance is the most discriminating tile.
PLX-BCH-066,Polar uncharged amino acid side chains,Serine,Threonine,Asparagine,Glutamine,Shared chemical property,"These four have polar uncharged side chains, relevant to hydrogen bonding and protein structure.",Foundational / Multisystem,Biochemistry,Easy,Amino acids with polar uncharged side chains; Uncharged hydrophilic amino acids,Bootcamp.com Biochemistry Jan 2025(1).pdf,"Protein Metabolism > Amino Acid Structure Diagram, PDF p. 102 (visual)",1,AI_REVIEWED_PASS,Cysteine is classified as polar uncharged in some schemes (the source lists it among special cases) - avoid a competing cysteine tile. Competing category: hydrogen-bonding amino acids (broader).
PLX-BCH-067,Amino acids that are both glucogenic and ketogenic,Isoleucine,Phenylalanine,Tyrosine,Tryptophan,Shared metabolic classification,These amino acids yield both glucogenic and ketogenic products.,Multisystem,Biochemistry,Medium,Mixed glucogenic-ketogenic amino acids; Amino acids with both metabolic fates,Bootcamp.com Biochemistry Jan 2025(1).pdf,"Lipid Metabolism > Fed vs. Fasting State, Amino Acid Catabolism Diagram, PDF p. 97 (visual)",1,AI_REVIEWED_PASS,"Threonine is also classified as mixed in some schemes, so these are four examples, not an exhaustive list - avoid threonine elsewhere on the board. Aromatic amino acids fails for isoleucine."
PLX-BCH-068,Amino acids whose catabolism feeds pyruvate,Alanine,Glycine,Serine,Cysteine,Shared catabolic destination,"Carbon from these amino acids enters pyruvate, feeding gluconeogenesis and energy metabolism.",Multisystem,Biochemistry,Medium,Pyruvate-yielding amino acids; Amino acid carbon sources for pyruvate,Bootcamp.com Biochemistry Jan 2025(1).pdf,"Lipid Metabolism > Fed vs. Fasting State, Amino Acid Catabolism Diagram, PDF p. 97 (visual)",1,AI_REVIEWED_PASS,"Conversions may be multistep. Tryptophan and threonine also route to pyruvate - avoid additional interchangeable pyruvate-source tiles. Nonessential amino acids is a weaker, broader alternate."
PLX-BCH-069,Amino acids feeding alpha-ketoglutarate through glutamate,Arginine,Proline,Histidine,Glutamine,Shared catabolic convergence,These amino acids are catabolized through glutamate and then into alpha-ketoglutarate.,Multisystem,Biochemistry,Medium,Glutamate-converging amino acid catabolism; Amino acids yielding alpha-ketoglutarate via glutamate,Bootcamp.com Biochemistry Jan 2025(1).pdf,"Lipid Metabolism > Fed vs. Fasting State, Amino Acid Catabolism Diagram, PDF p. 97 (visual)",1,AI_REVIEWED_PASS,Glutamate is the shared intermediate - placing glutamate on the same board creates an interchangeable fifth tile. No one-step conversion claim. Competing category: glucogenic amino acids (broader).
PLX-BCH-070,Processes supported by peroxisomes,Very-long-chain fatty acid beta-oxidation,Branched-chain fatty acid alpha-oxidation,Hydrogen peroxide detoxification,Plasmalogen synthesis,Shared subcellular location,"Peroxisomes perform initial VLCFA shortening, phytanic-acid alpha-oxidation, catalase-mediated peroxide handling, and plasmalogen synthesis.",Multisystem / Nervous,Cell Biology / Biochemistry,Medium,Peroxisomal metabolic functions; Processes occurring in peroxisomes,Bootcamp.com Biochemistry Jan 2025(1).pdf,"Cell Biology > Peroxisome, PDF p. 6",1,AI_REVIEWED_PASS,"Do not claim all beta-oxidation is peroxisomal, or that each complete synthetic pathway occurs exclusively there (plasmalogen synthesis also involves the ER)."
PLX-BCH-071,Levels of protein structure,Primary structure,Secondary structure,Tertiary structure,Quaternary structure,Shared molecular hierarchy,"These levels are amino acid sequence, local folding, within-chain three-dimensional organization, and interactions among subunits.",Foundational / Multisystem,Biochemistry / Molecular Biology,Easy,Protein structural hierarchy; Four levels of protein organization,Bootcamp.com Biochemistry Jan 2025(1).pdf,"Protein Metabolism > Introduction to Proteins, PDF p. 101",0,AI_REVIEWED_PASS,Quaternary structure applies only to multimeric proteins. Intentionally introductory category; may be too transparent for a Hard puzzle.
PLX-BCH-072,Enzymes with vitamin B6 cofactor requirements,Alanine aminotransferase,Aspartate aminotransferase,ALA synthase,Glycogen phosphorylase,Shared cofactor requirement,"PLP is required for amino-group transfer (ALT, AST), the first heme-synthesis step (ALA synthase), and glycogen breakdown (glycogen phosphorylase).",Hepatic / Hematologic / Musculoskeletal,Biochemistry,Medium,PLP-dependent metabolic enzymes; Pyridoxal phosphate-requiring enzymes,Bootcamp.com Biochemistry Jan 2025(1).pdf,"Vitamins > Vitamin B6, PDF p. 136; Glycogen > Glycogenesis and Glycogenolysis, PDF p. 66",1,AI_REVIEWED_PASS,The enzymes use PLP in different reaction mechanisms. Uses enzyme tiles rather than the neurotransmitter product tiles of PLX-BCH-016 - do not count alternate four-enzyme subsets as new categories.
PLX-BCH-073,Hormones that promote adipocyte lipolysis,Epinephrine,Norepinephrine,ANP,BNP,Shared metabolic effect,Catecholamines and natriuretic peptides increase release of fatty acids from adipose stores.,Endocrine / Cardiovascular / Metabolic,Biochemistry / Physiology,Hard,Hormonal stimulators of adipose lipolysis; Signals increasing adipocyte fat mobilization,Bootcamp.com Biochemistry Jan 2025(1).pdf,"Lipid Metabolism > Adipocytes and Lipolysis, PDF p. 90",1,AI_REVIEWED_PASS,"ANP and BNP = atrial and B-type natriuretic peptides. Catecholamines act via beta-adrenergic cAMP signaling; natriuretic peptides via NPR-A/cGMP - different pathways (Wang, NEJM 2012). Do not imply identical signaling."
PLX-BCH-074,Proteins supporting long-chain fatty acid mitochondrial entry,Fatty acyl-CoA synthetase,CPT I,Carnitine-acylcarnitine translocase,CPT II,Shared transport and activation pathway,"Fatty acid activation, transfer onto carnitine, acylcarnitine transport, and regeneration of matrix acyl-CoA together enable mitochondrial long-chain fatty acid use.",Hepatic / Musculoskeletal / Metabolic,Biochemistry,Medium,Long-chain fatty acid activation and carnitine transport proteins; Proteins enabling mitochondrial LCFA entry,Bootcamp.com Biochemistry Jan 2025(1).pdf,"Lipid Metabolism > Fatty Acid Degradation, PDF p. 91",1,AI_REVIEWED_PASS,"Preserve proteins supporting wording: translocase is a transporter and synthetase is upstream activation, so not all four are carnitine-shuttle enzymes. Short/medium-chain fatty acids use different entry mechanisms."
PLX-BCH-075,Enzymes in hepatic ketone body production,Thiolase,Mitochondrial HMG-CoA synthase,HMG-CoA lyase,Beta-hydroxybutyrate dehydrogenase,Shared biosynthetic pathway,"Acetyl-CoA condensation, HMG-CoA synthesis and cleavage, and acetoacetate/beta-hydroxybutyrate interconversion support hepatic ketone production.",Hepatic / Metabolic,Biochemistry,Medium,Hepatic ketogenesis enzymes; Enzymes producing and interconverting ketone bodies,Bootcamp.com Biochemistry Jan 2025(1).pdf,"Lipid Metabolism > Ketone Synthesis and Oxidation, PDF p. 95; Ketogenesis Diagram, PDF p. 97 (visual)",1,AI_REVIEWED_PASS,Distinguish mitochondrial HMG-CoA synthase from the cytosolic cholesterol-synthesis isoform. Thiolase and beta-hydroxybutyrate dehydrogenase also act in ketone utilization/interconversion - use pathway participation wording.
PLX-BCH-076,Characteristic Hartnup disease clues,Neutral aminoaciduria,Reduced tryptophan availability,Pellagra-like dermatitis,Cerebellar ataxia,Shared disease clinical and biochemical pattern,"Impaired renal and intestinal neutral amino acid transport reduces tryptophan-dependent niacin synthesis, causing a pellagra-like skin and neurologic presentation.",Renal / Gastrointestinal / Nervous,Biochemistry / Genetics,Medium,Hartnup diagnostic associations; Neutral amino acid transporter defect findings,Bootcamp.com Biochemistry Jan 2025(1).pdf,"Protein Metabolism > Tryptophan, Niacin, and Serotonin, PDF p. 107",1,AI_REVIEWED_PASS,Symptoms depend on nutritional context and are not universal. Primary niacin deficiency fits the clinical symptoms but not neutral aminoaciduria.
PLX-BCH-077,Aromatic L-amino acid decarboxylase deficiency clues,Oculogyric crises,Hypotonia,Autonomic dysfunction,Developmental delay,Shared disease presentation,"Impaired dopamine and serotonin production in AADC deficiency causes this ocular-motor, muscle-tone, autonomic, and developmental pattern.",Nervous,Biochemistry / Genetics,Hard,AADC deficiency manifestations; DOPA decarboxylase deficiency clinical clues,Bootcamp.com Biochemistry Jan 2025(1).pdf,"Protein Metabolism > Tryptophan, Niacin, and Serotonin, PDF p. 107",1,AI_REVIEWED_PASS,Oculogyric crisis is the strongest anchor; other neurotransmitter synthesis disorders can produce similar findings. Avoid a competing neurotransmitter-deficiency category on the same board.
PLX-BCH-078,Characteristic OTC deficiency laboratory clues,Hyperammonemia,Elevated orotic acid,Low citrulline,Low BUN,Shared enzyme-defect laboratory pattern,"Blocked citrulline production reduces urea formation and causes ammonia accumulation, while excess carbamoyl phosphate feeds orotic acid production.",Hepatic / Metabolic,Biochemistry / Genetics,Medium,Ornithine transcarbamylase deficiency labs; OTC-associated hyperammonemia pattern,Bootcamp.com Biochemistry Jan 2025(1).pdf,"Protein Metabolism > Disorders of the Urea Cycle, PDF p. 114",1,AI_REVIEWED_PASS,"CPS I deficiency lacks elevated orotic acid, distinguishing it. Orotic aciduria alone does not explain hyperammonemia. Labs vary with treatment and metabolic state. X-linked."
PLX-BCH-079,Storage diseases with enzyme replacement described in the source,Fabry disease,Gaucher disease,Hurler syndrome,Pompe disease,Shared treatment approach,Enzyme replacement therapy is a described management approach for each of these lysosomal storage disorders.,Multisystem,Biochemistry / Genetics / Therapeutics,Medium,Lysosomal storage disorders treated with enzyme replacement; Source-described enzyme replacement indications,Bootcamp.com Biochemistry Jan 2025(1).pdf,"Lysosomal Storage Diseases > Fabry, Gaucher, Mucopolysaccharidoses, PDF pp. 15, 18, 20; Glycogen > Pompe Disease, PDF p. 71",1,AI_REVIEWED_PASS,Hunter syndrome (MPS II) is another ERT indication - keep off this board. ERT is not curative; CNS penetration and eligibility differ. No current drug-availability verification performed. Competing category: lysosomal enzyme defects (broader).
