"Connection ID","Connection Title","Tile 1","Tile 2","Tile 3","Tile 4","Connection Type","Explanation","Organ System","Discipline","Difficulty","Accepted Alternate Category Names","Source","Source Section","Ambiguity Score","Verification Status","Notes"
"REPRO-001","Mesonephric duct derivatives","Epididymis","Ductus deferens","Seminal vesicle","Ejaculatory duct","Shared embryologic origin","The male internal reproductive ducts develop from the mesonephric (Wolffian) duct under testosterone stimulation.","Reproductive","Embryology","Easy","Wolffian duct derivatives","Bootcamp.com Reproduction.pdf","Fetal Development > Sexual Differentiation, PDF p. 9","0","AI_REVIEWED_PASS","All four verified as Wolffian duct derivatives (Lorenzi et al., Nature 2026; Mawhinney & Mariotti, Periodontology 2000, 2013; Boscarelli & Bellini, Eur J Pediatr 2021). Clean category; no outlier."
"REPRO-002","Neural crest derivatives","Melanocytes","Adrenal medullary chromaffin cells","Peripheral neurons","Leptomeninges","Shared embryologic origin","Neural crest cells give rise to melanocytes, adrenal medullary chromaffin cells, peripheral (sensory/autonomic) neurons, and the forebrain leptomeninges (pia-arachnoid).","Reproductive","Embryology","Medium","Structures derived from neural crest","Bootcamp.com Reproduction.pdf","Fetal Development > Germ Layers, PDF p. 5","1","AI_REVIEWED_PASS","Qualifier added: forebrain leptomeninges (pia/arachnoid) are neural crest-derived, whereas midbrain/hindbrain and spinal leptomeninges are mesoderm-derived and meningeal endothelium is always mesoderm (Dasgupta & Jeong, genesis 2019; Frederick et al., Immunol Rev 2022). 'Ectoderm derivatives' is a parent category, not an equally strong competitor; specifying neural crest and peripheral (not CNS) neurons keeps it fair. Organ-system note: general embryology/multisystem, not reproductive-specific; recategorize if Plexus has an Embryology system."
"REPRO-003","Second pharyngeal arch derivatives","Stapedius muscle","Stylohyoid muscle","Stapes","Lesser horn of hyoid","Shared embryologic origin","The second (hyoid) pharyngeal arch gives rise to the stapedius and stylohyoid muscles (CN VII) and, from Reichert cartilage, the stapes and the lesser horn (and upper body) of the hyoid.","Reproductive","Embryology; Anatomy","Medium","Hyoid arch derivatives","Bootcamp.com Reproduction.pdf","Fetal Development > Pharyngeal Apparatus, PDF pp. 7-8","0","AI_REVIEWED_PASS","All four verified (Fiadjoe et al., Gregory's Pediatric Anesthesia 2020; Ahmed et al., Dysphagia 2019; Rodriguez-Vazquez, J Anat 2005, PMID 16050903). Organ-system note: head-and-neck embryology, not reproductive-specific."
"REPRO-004","Structural abnormalities associated with Turner syndrome","Bicuspid aortic valve","Aortic coarctation","Horseshoe kidney","Cystic hygroma","Classic disease-finding association","Turner syndrome (45,X) is associated with left-sided cardiac lesions (bicuspid aortic valve ~15-30%, coarctation ~7-18%), horseshoe kidney (~10%), and prenatal cystic hygroma from lymphatic dysplasia.","Reproductive","Genetics; Pathology","Easy","Congenital anomalies in Turner syndrome","Bootcamp.com Reproduction.pdf","Fetal Development > Chromosomal Disorders, PDF p. 11","0","AI_REVIEWED_PASS","Prevalences verified (Gravholt et al., Nat Rev Endocrinol 2019; Isselbacher et al., 2022 ACC/AHA Aortic Disease Guideline; Luo et al., BMC Pediatr 2025). Clean category."
"REPRO-005","Clues to complete androgen insensitivity syndrome","46,XY karyotype","Absent uterus","Scant pubic hair","Developed breasts","Classic disease-finding association","In CAIS, testes secrete AMH (Mullerian regression, absent uterus) and androgens, but androgen-receptor dysfunction prevents androgen-dependent pubic/axillary hair; peripheral aromatization of testosterone to estrogen drives breast development in a 46,XY individual.","Reproductive","Endocrinology; Genetics","Medium","Complete androgen insensitivity phenotype","Bootcamp.com Reproduction.pdf","Fetal Development > Disorders of Sexual Development Part 1, PDF p. 12","1","AI_REVIEWED_PASS","Verified (Wang & Tian, Front Endocrinol 2025, PMID 41163677; Ahmed et al., Clin Endocrinol 2021; Diaz & Lipman Diaz, Pediatr Rev 2021). Note: scant (not necessarily absent) pubic hair, and pubic hair presence does not exclude CAIS; individual findings overlap with MRKH/other DSD but the combination is specific."
"REPRO-006","Kallmann syndrome clues","Anosmia","Low GnRH","Low gonadotropins","Delayed sexual maturation","Classic disease-finding association","Defective embryonic migration of GnRH neurons along olfactory axons causes anosmia together with GnRH deficiency, low LH/FSH (hypogonadotropic hypogonadism), and absent/delayed puberty.","Reproductive","Endocrinology; Embryology","Easy","Olfactory-associated hypogonadotropic hypogonadism","Bootcamp.com Reproduction.pdf","Fetal Development > Disorders of Sexual Development Part 2, PDF p. 13","1","AI_REVIEWED_PASS","Verified (Boehm et al., Nat Rev Endocrinol 2015; Dwyer & Stamou, JCEM 2026; MedlinePlus: Kallmann syndrome). Qualifier: low GnRH is the underlying mechanism (not a routine clinical assay) and is causally linked to low gonadotropins; anosmia is the discriminating tile versus other causes of central hypogonadism."
"REPRO-007","States associated with elevated beta-hCG","Multiple gestation","Hydatidiform mole","Choriocarcinoma","Trisomy 21 pregnancy","Shared laboratory association","All are associated with higher maternal serum beta-hCG, but magnitude and nature differ: multiple gestation (proportional to placental mass); complete mole (often >100,000 mIU/mL) and choriocarcinoma (can exceed 1,000,000 mIU/mL) from trophoblastic proliferation; and trisomy 21 as a modest (~2x MoM) population-level elevation on second-trimester screening (high hCG, high inhibin A, low AFP, low estriol).","Reproductive","Obstetrics; Pathology","Medium","Pregnancy states linked to high beta-hCG","Bootcamp.com Reproduction.pdf","Pregnancy and Menstruation > Hormones of Pregnancy, PDF p. 18","1","AI_REVIEWED_REVISED","Explanation revised to add magnitude/context qualifier. Trisomy 21 is a screening (population) association (an individual pregnancy may have normal hCG), whereas the other three nearly always elevate hCG (Driscoll & Gross, NEJM 2009; Berkowitz & Goldstein, NEJM 2009; Luo et al., Arch Gynecol Obstet 2025). Board overlap: mole/choriocarcinoma also fit gestational trophoblastic disease, and trisomy 21 fits quad-screen findings; avoid these competing groups on the same board."
"REPRO-008","Cardiovascular parameters that increase in normal pregnancy","Cardiac output","Heart rate","Stroke volume","Preload","Shared physiologic direction","Normal pregnancy raises plasma volume (increased preload), heart rate (10-20 bpm), stroke volume, and cardiac output (30-50%), while systemic vascular resistance falls.","Reproductive","Physiology; Obstetrics","Easy","Hemodynamic increases in pregnancy","Bootcamp.com Reproduction.pdf","Pregnancy and Menstruation > Pregnancy Physiology, PDF p. 21","1","AI_REVIEWED_PASS","Verified (2025 ESC Guidelines on Cardiovascular Disease and Pregnancy; Yang et al., J Clin Invest 2026; Ramlakhan et al., Nat Rev Cardiol 2020). Category must specify normal pregnancy (also compatible with other high-output states)."
"REPRO-009","Causes of oligohydramnios through reduced fetal urine","Renal agenesis","Posterior urethral valves","Autosomal recessive polycystic kidney disease","Fetal ACE inhibitor exposure","Shared pathophysiology","After ~16 weeks amniotic fluid is mainly fetal urine; absent renal tissue (renal agenesis), lower-tract obstruction (posterior urethral valves), cystic renal disease (ARPKD), or drug-induced fetal renal hypoperfusion (ACE inhibitors/ARBs) reduce urine output and cause oligohydramnios.","Reproductive","Embryology; Obstetrics; Pathology","Medium","Fetal renal causes of oligohydramnios","Bootcamp.com Reproduction.pdf","Pathologies of Pregnancy > Polyhydramnios and Oligohydramnios, PDF p. 30","1","AI_REVIEWED_PASS","Verified (SMFM Consult Series #4 Genitourinary Anomalies, 2021; Crosland et al., J Perinatol 2025). Effect depends on severity and timing of exposure."
"REPRO-010","Conditions associated with polyhydramnios","Anencephaly","Intestinal atresia","Maternal diabetes","Twin-twin transfusion recipient","Shared clinical consequence","Impaired fetal swallowing (anencephaly, intestinal/duodenal atresia) or increased fetal urine output (maternal diabetes via fetal osmotic diuresis; TTTS recipient hypervolemia) raises amniotic fluid volume.","Reproductive","Obstetrics; Pathology","Medium","Causes of excess amniotic fluid","Bootcamp.com Reproduction.pdf","Pathologies of Pregnancy > Polyhydramnios and Oligohydramnios, PDF p. 30","1","AI_REVIEWED_PASS","Verified (SMFM Consult Series #46 Polyhydramnios, 2018; Beke & Simonyi, BMC Pregnancy Childbirth 2025). Only the RECIPIENT twin in TTTS has polyhydramnios; the donor has oligohydramnios (board caution)."
"REPRO-011","The four etiologic groups of postpartum hemorrhage (4 Ts)","Uterine atony","Genital tract trauma","Retained placental tissue","Coagulation disorder","Etiologic framework","The 4 Ts of PPH: Tone (uterine atony, ~70%), Trauma (lacerations/rupture, ~20%), Tissue (retained placenta, ~10%), and Thrombin (coagulopathy, <1%).","Reproductive","Obstetrics; Pathology","Easy","Four Ts of postpartum hemorrhage","Bootcamp.com Reproduction.pdf","Pathologies of Pregnancy > Postpartum Hemorrhage, PDF p. 33","0","AI_REVIEWED_PASS","Verified (Bienstock et al., NEJM 2021; ACOG Practice Bulletin, Postpartum Hemorrhage 2017; Evensen et al., AFP 2017, PMID 28409600)."
"REPRO-012","Antihypertensives used during pregnancy","Labetalol","Nifedipine","Methyldopa","Hydralazine","Shared therapeutic setting","All are used for hypertension in pregnancy: labetalol, nifedipine, and methyldopa for chronic/mild gestational hypertension, and IV labetalol, IV hydralazine, and oral immediate-release nifedipine for acute severe hypertension.","Reproductive","Pharmacology; Obstetrics","Easy","Pregnancy-compatible antihypertensives","Bootcamp.com Reproduction.pdf","Pathologies of Pregnancy > Hypertension in Pregnancy, PDF p. 28","1","AI_REVIEWED_PASS","Verified (AHA Scientific Statement, Hypertension in Pregnancy 2022; 2025 ESC Pregnancy Guidelines; Mehta et al., AHA 2020). Agents are not interchangeable across acute vs chronic settings; ACE inhibitors/ARBs are contraindicated (good distractors)."
"REPRO-013","Risk factors for placental abruption","Cocaine exposure","Cigarette smoking","Preeclampsia","Uterine fibroids","Shared risk association","Vasoconstriction/vascular injury (cocaine OR ~4; smoking OR ~1.8-1.9), hypertensive disease (preeclampsia AOR ~2), and uterine leiomyomas (especially large or retroplacental; adjusted RR ~1.9) increase the risk of premature placental separation.","Reproductive","Obstetrics; Pathology","Medium","Risk factors for abruptio placentae","Bootcamp.com Reproduction.pdf","Pathologies of Pregnancy > Placental Pathology, PDF p. 32","1","AI_REVIEWED_REVISED","Explanation revised to add effect sizes and the qualifier that fibroid risk is weaker/inconsistent (class IV evidence), driven mainly by large/retroplacental fibroids (Chen et al., BMC Pregnancy Childbirth 2025; Jenabi & Ebrahimzadeh Zagami, J Matern Fetal Neonatal Med 2017; Li et al., BMC Pregnancy Childbirth 2024; Ananth et al., Obstet Gynecol 1996/1999). All four remain defensible abruption risk factors; no equally strong competing category."
"REPRO-014","Complete hydatidiform mole pathology","Absent p57 staining","Paternal-only (androgenetic) nuclear genome","Diffuse villous swelling","Circumferential trophoblast proliferation","Classic disease-finding association","The common androgenetic complete mole has a diploid paternal-only genome; loss of the maternally expressed, paternally imprinted p57 produces negative p57 immunostaining in cytotrophoblast/villous stroma, with diffuse hydropic villi and circumferential trophoblastic hyperplasia.","Reproductive","Pathology; Genetics","Medium","Features of an androgenetic complete mole","Bootcamp.com Reproduction.pdf","Pathologies of Pregnancy > Molar Pregnancy, PDF p. 27","1","AI_REVIEWED_PASS","Verified (Berkowitz & Goldstein, NEJM 2009; NCCN Gestational Trophoblastic Neoplasia 2025; EOTTD guidelines, Bartosch et al., Virchows Arch 2024; Xing et al., Mod Pathol 2021, PMID 33024305). p57 and paternal-genome tiles are mechanistically linked but are distinct observations; rare p57-positive androgenetic (retained maternal chr 11) moles exist, so the title/explanation describe the common form."
"REPRO-015","States of prolonged unopposed estrogen exposure","Polycystic ovary syndrome","Unopposed estrogen therapy","Late menopause","Estrogen-secreting ovarian tumor","Shared hormonal mechanism","Each produces estrogen stimulation of the endometrium without adequate progesterone opposition (anovulation in PCOS, exogenous estrogen without a progestogen, prolonged endogenous exposure with late menopause, and estrogen-secreting tumors such as granulosa cell tumor), promoting endometrial proliferation, hyperplasia, and type I endometrial carcinoma.","Reproductive","Pathology; Endocrinology","Medium","Risk factors for endometrial hyperplasia; Risk factors for type I (endometrioid) endometrial carcinoma","Bootcamp.com Reproduction.pdf","Female Pathology > Uterine Pathology, PDF p. 39","1","AI_REVIEWED_REVISED","Retitled from 'Risk factors for endometrial hyperplasia' to the shared mechanism so that endometrial-hyperplasia risk and type I endometrial-carcinoma risk (an identical risk-factor list) become accepted alternate names rather than competing categories (Lu & Broaddus, NEJM 2020; Crosbie et al., Lancet 2022; Kim et al., Cochrane 2025; van Meurs et al., Int J Gynecol Cancer 2013). Difficulty raised Easy to Medium. Board caution: do not place a separate endometrial-cancer-risk group on the same board."
"REPRO-016","Classic symptomatic associations of endometriosis","Cyclic pelvic pain","Dyspareunia","Dyschezia","Infertility","Classic disease-finding association","Ectopic endometrial-like tissue causes cyclic pelvic pain/dysmenorrhea, deep dyspareunia, dyschezia, and subfertility; about 90% report pelvic pain and about 26% infertility.","Reproductive","Pathology; Gynecology","Easy","Clinical clues to endometriosis","Bootcamp.com Reproduction.pdf","Female Pathology > Uterine Pathology, PDF p. 40","1","AI_REVIEWED_PASS","Verified (As-Sanie et al., JAMA 2025; Taylor et al., Lancet 2021). Individual symptoms overlap with other pelvic disorders and none is universal (about 2% asymptomatic); the constellation is characteristic."
"REPRO-017","Ovarian germ cell tumors","Mature cystic teratoma","Immature teratoma","Dysgerminoma","Yolk sac tumor","Shared tumor lineage","All arise from primordial germ cells: mature (benign) and immature (malignant) teratomas, dysgerminoma (undifferentiated), and yolk sac tumor (extraembryonic differentiation).","Reproductive","Pathology","Easy","Germ cell neoplasms of the ovary","Bootcamp.com Reproduction.pdf","Female Pathology > Germ Cell Tumors, PDF p. 46","0","AI_REVIEWED_PASS","Verified against WHO classification (NCCN Ovarian Cancer 2026; Zuckerman et al., NEJM Case 26-2023). Clean lineage category."
"REPRO-018","Ovarian sex cord-stromal tumors","Ovarian fibroma","Thecoma","Granulosa cell tumor","Sertoli-Leydig cell tumor","Shared tumor lineage","All derive from sex cord/stromal cells (granulosa, theca, fibroblasts, Sertoli-Leydig) rather than epithelial or germ cell lineages; many are hormonally active.","Reproductive","Pathology","Medium","Sex cord-stromal neoplasms of the ovary","Bootcamp.com Reproduction.pdf","Female Pathology > Sex Cord Stromal Tumors, PDF p. 47","0","AI_REVIEWED_PASS","Verified against WHO classification (NCCN Ovarian Cancer 2026; Jung et al., Sci Rep 2025)."
"REPRO-019","Protective associations for ovarian cancer","Multiparity","Breastfeeding","Oral contraceptive use","Tubal ligation","Shared protective association","Each is associated with reduced epithelial ovarian cancer risk: multiparity (OR ~0.81 per birth), breastfeeding (OR ~0.72), oral contraceptives (OR ~0.66; ~45% lower after 10+ years), and tubal ligation (~30% reduction).","Reproductive","Pathology; Epidemiology","Medium","Factors associated with lower ovarian cancer risk","Bootcamp.com Reproduction.pdf","Female Pathology > Ovarian Cancer, PDF p. 44","1","AI_REVIEWED_PASS","Verified (Caruso et al., JAMA 2025; Troisi et al., J Intern Med 2018; Cannistra, NEJM 2004; Zheng et al., JNCI 2024, PMID 38964345). Magnitude varies by histotype; tubal ligation is NOT an ovulation-suppression mechanism, so avoid an ovulation-suppression alternate title."
"REPRO-020","Drugs associated with gynecomastia","Spironolactone","Finasteride","Ketoconazole","Cimetidine","Shared adverse effect","Each disturbs the androgen-estrogen balance (androgen-receptor blockade with spironolactone and cimetidine; inhibition of testosterone/DHT synthesis with ketoconazole and, as a 5-alpha-reductase inhibitor, finasteride) and is associated with gynecomastia.","Reproductive","Pharmacology","Easy","Medication causes of gynecomastia","Bootcamp.com Reproduction.pdf","Female Pathology > Benign Breast Pathology, PDF p. 49","1","AI_REVIEWED_PASS","Spironolactone, cimetidine, and ketoconazole have definite evidence; finasteride (5-ARI) is well recognized (Deepinder & Braunstein, Expert Opin Drug Saf 2012, PMID 22862307; Narula & Carlson, Nat Rev Endocrinol 2014; Braunstein, NEJM 2007). Cimetidine is clinically an H2 blocker; gynecomastia is the shared adverse effect, not drug class."
"REPRO-021","GnRH receptor agonists","Leuprolide","Goserelin","Nafarelin","Histrelin","Shared drug mechanism","All are GnRH agonist analogues that initially stimulate pituitary gonadotropin release (flare) then suppress LH/FSH via receptor downregulation with continuous administration.","Reproductive","Pharmacology; Endocrinology","Easy","GnRH agonist medications; LHRH agonists","Bootcamp.com Reproduction.pdf","Pharmacology > GnRH Modulators, PDF p. 64","0","AI_REVIEWED_PASS","Verified (Chen et al., PLoS One 2024; Vannuccini et al., Rev Endocr Metab Disord 2022; ASRM endometriosis guideline, Fertil Steril 2006). Distinct from GnRH antagonists (no flare)."
"REPRO-022","Progestins used for contraception","Levonorgestrel","Medroxyprogesterone","Etonogestrel","Norethindrone","Shared drug class and use","All are synthetic progestogens used in contraceptives: levonorgestrel (pills/IUD/emergency contraception), depot medroxyprogesterone acetate (injection), etonogestrel (implant/vaginal ring), and norethindrone (progestin-only and combined pills).","Reproductive","Pharmacology","Easy","Contraceptive progestogens","Bootcamp.com Reproduction.pdf","Pharmacology > Hormone Replacement Therapy, PDF p. 69","1","AI_REVIEWED_PASS","Verified (Klein et al., AFP 2025; CDC US MEC 2024; FDA labels). Category must specify contraceptive use (not every progestin formulation is contraceptive)."
"REPRO-023","Category 4 contraindications to combined (estrogen-containing) hormonal contraception","Migraine with aura","Prior deep venous thrombosis","Prior stroke","Coronary artery disease","Shared contraindication setting","Per the US CDC Medical Eligibility Criteria (2024), migraine with aura, prior VTE, prior stroke, and ischemic heart disease are Category 4 (unacceptable risk) for estrogen-containing combined contraception because of additive arterial/venous thrombotic risk.","Reproductive","Pharmacology; Gynecology","Medium","US MEC Category 4 conditions for combined hormonal contraception; Absolute contraindications to estrogen-containing contraception","Bootcamp.com Reproduction.pdf","Pharmacology > Contraception, PDF p. 70","1","AI_REVIEWED_REVISED","Revised to anchor to US MEC 2024 (Nguyen et al., MMWR Recomm Rep 2024; Klein et al., AFP 2025). Qualifier: history of DVT/PE is Category 4 when acute or with 1+ recurrence risk factor (Category 3 if low recurrence risk); IHD and stroke are listed Category 4. Does NOT apply to progestin-only methods (board caution)."
"REPRO-024","Classic clues to testicular torsion","Sudden severe testicular pain","High-riding testis","Absent cremasteric reflex","Reduced or absent Doppler blood flow","Classic disease-finding association","Spermatic cord twisting (often a bell-clapper deformity) produces sudden severe pain, a high-riding/transverse testis, an absent cremasteric reflex, and reduced or absent intratesticular flow on color Doppler (sensitivity ~90-100%).","Reproductive","Pathology; Urology","Easy","Findings suggesting spermatic cord torsion","Bootcamp.com Reproduction.pdf","Male Pathology > Cryptorchidism and Testicular Torsion, PDF p. 54","1","AI_REVIEWED_PASS","Verified (ACR Appropriateness Criteria, Acute Scrotal Pain 2024; Waldron et al., Abdom Radiol 2026; Guo & Wu, Medicine 2023, PMID 37144991). Findings are not universal; preserved/partial flow does not exclude torsion (partial/intermittent torsion, spontaneous detorsion), and surgical suspicion should not be delayed for imaging."
"REPRO-025","Bacterial pathogens of infectious epididymitis","Chlamydia trachomatis","Neisseria gonorrhoeae","Escherichia coli","Pseudomonas aeruginosa","Shared infectious syndrome","Acute bacterial epididymitis is caused by sexually transmitted organisms in younger men (C. trachomatis, N. gonorrhoeae) and enteric/urinary gram-negatives in older men or after instrumentation/catheterization (E. coli most common; Pseudomonas aeruginosa in catheter-associated/instrumented or immunocompromised cases).","Reproductive","Microbiology; Pathology","Medium","Organisms causing epididymitis","Bootcamp.com Reproduction.pdf","Male Pathology > Inflammatory Pathology, PDF p. 60","1","AI_REVIEWED_REVISED","Revised to add age/exposure stratification and context for Pseudomonas, which the 2024 IDSA/ASM guide lists among epididymitis pathogens and which was the 3rd most common isolate in a prospective series (Pilatz et al., Eur Urol 2015; Workowski et al., CDC STI Treatment Guidelines 2021; Harnisch et al., Lancet 1977). The candidate's competing orchitis category is NOT equally strong: isolated orchitis is predominantly viral (mumps, coxsackievirus B), and bacterial testicular involvement occurs as epididymo-orchitis by extension (Pilatz et al., J Med Virol 2023). Board caution: avoid pairing with an epididymo-orchitis group."
